"tick","run","random_seed","year","cover sp1","cover sp2","cover sp3","cover sp4","cover sp5","cover sp6","cover sp7","cover sp8","cover sp9","cover sp10","cover sp11","cover sp12","cover MA","cover Turf","cover CCA","cover AMA","cover ACA","cover Halimeda","cover sand","community number"
1.0,1,1794186869,0.0,4.1674999999999995,2.2849999999999997,7.41,2.2875,1.7399999999999998,0.755,0.5,0.395,0.0,0.0,0.0,0.0,0.7925,47.345,11.9275,6.494999999999999,0.8,0.0,2.625,1.0
4.0,1,1794186869,0.5,4.2675,2.2624999999999997,7.7025,2.305,0.655,0.955,0.6975,0.43499999999999994,0.0,0.0,0.0025,0.0,1.175,44.525,6.74,6.254999999999999,0.6625,0.0,1.625,1.0
